-- Datos para Proveedor
INSERT INTO Proveedor (id, nombre, direccion, telefono, email) VALUES (1, 'BOCONCCINO', 'Italia', '1155558888', 'sdasd@hotmail.com');
INSERT INTO Proveedor (id, nombre, direccion, telefono, email) VALUES (2, 'VIDAL', 'Barcelona', '', '');
INSERT INTO Proveedor (id, nombre, direccion, telefono, email) VALUES (3, 'ASG', 'Andorra', '115557777', 'meme@hotmail.com');
INSERT INTO Proveedor (id, nombre, direccion, telefono, email) VALUES (4, 'MAPSA', 'Andorra', '342342342342', '');
INSERT INTO Proveedor (id, nombre, direccion, telefono, email) VALUES (5, 'IDPA', 'Andorra', '1136801621', '');
INSERT INTO Proveedor (id, nombre, direccion, telefono, email) VALUES (6, 'ANDORCARN', 'bbbb', '333322222', '');
INSERT INTO Proveedor (id, nombre, direccion, telefono, email) VALUES (7, 'SUMALISA', '', '444 444 4444', '');
INSERT INTO Proveedor (id, nombre, direccion, telefono, email) VALUES (8, 'SIBARYUM', 'no sabemos', '44888', 'asdasd@SIBARYUM.com');
INSERT INTO Proveedor (id, nombre, direccion, telefono, email) VALUES (9, 'RODISNET', 'mmm', '888', 'info@RODISNET.com');
INSERT INTO Proveedor (id, nombre, direccion, telefono, email) VALUES (10, 'GARDA', 'mmm', '9999', 'info@GARDA.com');
INSERT INTO Proveedor (id, nombre, direccion, telefono, email) VALUES (11, 'DINO', 'sdasd', '312312', ' info@DINO.com');
INSERT INTO Proveedor (id, nombre, direccion, telefono, email) VALUES (12, 'HELADOS', 'aaa', '324234', 'info@HELADOS.com');
INSERT INTO Proveedor (id, nombre, direccion, telefono, email) VALUES (13, 'MOLINA', 'asd', '234234', '');
INSERT INTO Proveedor (id, nombre, direccion, telefono, email) VALUES (14, 'VINOS', 'aa', '222', '');
INSERT INTO Proveedor (id, nombre, direccion, telefono, email) VALUES (15, 'CAFÉ Y TÉ', 'qweqew', '2321', '');

-- Datos para Producto
INSERT INTO Producto (id, nombre, descripcion, unidad_medida) VALUES (3, 'CAPUTO AZUL', 'HARINAS', 'kg');
INSERT INTO Producto (id, nombre, descripcion, unidad_medida) VALUES (4, 'CAPUTO ROSA ', 'HARINAS', 'kg');
INSERT INTO Producto (id, nombre, descripcion, unidad_medida) VALUES (5, 'NAPOLITANA COROMINA', 'HARINAS', 'kg');
INSERT INTO Producto (id, nombre, descripcion, unidad_medida) VALUES (6, 'INTEGRAL COROMINA', 'HARINAS', 'kg');
INSERT INTO Producto (id, nombre, descripcion, unidad_medida) VALUES (7, 'SEMOLA DE GRANO DURO', 'HARINAS', 'litro');
INSERT INTO Producto (id, nombre, descripcion, unidad_medida) VALUES (8, 'JAMON DULCE', 'EMBUTIDOS
', 'kg');
INSERT INTO Producto (id, nombre, descripcion, unidad_medida) VALUES (9, 'JAMON PARMA', 'EMBUTIDOS', 'kg');
INSERT INTO Producto (id, nombre, descripcion, unidad_medida) VALUES (10, 'SALAME NAPOLI', 'EMBUTIDOS', 'kg');
INSERT INTO Producto (id, nombre, descripcion, unidad_medida) VALUES (11, 'GUANCIALE ROMANO ', 'EMBUTIDOS', 'kg');
INSERT INTO Producto (id, nombre, descripcion, unidad_medida) VALUES (12, 'MORTADELA TRUFADA', 'EMBUTIDOS', 'kg');
INSERT INTO Producto (id, nombre, descripcion, unidad_medida) VALUES (13, 'MORTADELA PALMIERI', 'EMBUTIDOS', 'kg');
INSERT INTO Producto (id, nombre, descripcion, unidad_medida) VALUES (14, 'PROVOLONE', 'QUESOS', 'kg');
INSERT INTO Producto (id, nombre, descripcion, unidad_medida) VALUES (15, 'PECORINO ROMANO', 'QUESOS', 'kg');
INSERT INTO Producto (id, nombre, descripcion, unidad_medida) VALUES (16, 'MUZZARELLA GIFFONIELLO', 'QUESOS', 'unidad');
INSERT INTO Producto (id, nombre, descripcion, unidad_medida) VALUES (17, 'GRANA PADANO', 'QUESOS', 'kg');
INSERT INTO Producto (id, nombre, descripcion, unidad_medida) VALUES (18, 'MASCARPONE', 'QUESOS', 'kg');
INSERT INTO Producto (id, nombre, descripcion, unidad_medida) VALUES (20, 'GORGONZOLA', 'QUESOS', 'kg');
INSERT INTO Producto (id, nombre, descripcion, unidad_medida) VALUES (21, 'BURRATA', 'QUESOS', 'kg');
INSERT INTO Producto (id, nombre, descripcion, unidad_medida) VALUES (22, 'PENNE', 'PASTAS', 'kg');
INSERT INTO Producto (id, nombre, descripcion, unidad_medida) VALUES (23, 'RIGATONI', 'PASTAS', 'kg');
INSERT INTO Producto (id, nombre, descripcion, unidad_medida) VALUES (24, 'SPAGHETTI', 'PASTAS', 'kg');
INSERT INTO Producto (id, nombre, descripcion, unidad_medida) VALUES (25, 'TAGLIATELLE', 'PASTAS', 'kg');
INSERT INTO Producto (id, nombre, descripcion, unidad_medida) VALUES (26, 'PAPARDELLE', 'PASTAS', 'kg');
INSERT INTO Producto (id, nombre, descripcion, unidad_medida) VALUES (27, 'ÑOQUI', 'PASTAS', 'kg');
INSERT INTO Producto (id, nombre, descripcion, unidad_medida) VALUES (28, 'TOMATE SAN MARZANO', 'TOMATES', 'kg');
INSERT INTO Producto (id, nombre, descripcion, unidad_medida) VALUES (29, 'TOMATE PIENNOLO ROJO', 'TOMATES', 'kg');
INSERT INTO Producto (id, nombre, descripcion, unidad_medida) VALUES (30, 'TOMATE PIENNOLO AMARILLO', 'TOMATES', 'kg');
INSERT INTO Producto (id, nombre, descripcion, unidad_medida) VALUES (31, 'TOMATE PULPA CIRIO', 'TOMATES', 'kg');
INSERT INTO Producto (id, nombre, descripcion, unidad_medida) VALUES (32, 'TOMATE SECO', 'TOMATES', 'kg');
INSERT INTO Producto (id, nombre, descripcion, unidad_medida) VALUES (33, 'CREMA FUNGHI PORCINI', 'CREMAS', 'kg');
INSERT INTO Producto (id, nombre, descripcion, unidad_medida) VALUES (34, 'CREMA DE TRUFA', 'CREMAS', 'kg');
INSERT INTO Producto (id, nombre, descripcion, unidad_medida) VALUES (35, 'CREMA NUEZ', 'CREMAS', 'kg');
INSERT INTO Producto (id, nombre, descripcion, unidad_medida) VALUES (36, 'SAVOIARDI', 'VARIOS', 'kg');
INSERT INTO Producto (id, nombre, descripcion, unidad_medida) VALUES (37, 'LEVADURA CAPUTO', 'VARIOS', 'kg');
INSERT INTO Producto (id, nombre, descripcion, unidad_medida) VALUES (38, 'PESTO', 'VARIOS', 'kg');
INSERT INTO Producto (id, nombre, descripcion, unidad_medida) VALUES (39, 'NUTELLA PISTACHO', 'VARIOS', 'kg');
INSERT INTO Producto (id, nombre, descripcion, unidad_medida) VALUES (40, 'OLIVA TAGGIASCHE', 'VARIOS', 'kg');
INSERT INTO Producto (id, nombre, descripcion, unidad_medida) VALUES (41, 'AMARENA ', 'VARIOS', 'kg');
INSERT INTO Producto (id, nombre, descripcion, unidad_medida) VALUES (42, 'ALCACHOFAS A LA ROMANA', 'VARIOS', 'kg');
INSERT INTO Producto (id, nombre, descripcion, unidad_medida) VALUES (43, 'RISO CARNAROLI', 'VARIOS', 'kg');
INSERT INTO Producto (id, nombre, descripcion, unidad_medida) VALUES (44, 'PISTACHO', 'VARIOS', 'kg');
INSERT INTO Producto (id, nombre, descripcion, unidad_medida) VALUES (45, 'PANE CARASATU', 'VARIOS', 'kg');
INSERT INTO Producto (id, nombre, descripcion, unidad_medida) VALUES (46, 'RICOTA', 'VARIOS', 'kg');
INSERT INTO Producto (id, nombre, descripcion, unidad_medida) VALUES (47, 'PIZZA SIN GLUTEN', 'VARIOS', 'kg');
INSERT INTO Producto (id, nombre, descripcion, unidad_medida) VALUES (48, 'SPAGHETTI SIN GLUTEN ', 'PASTAS', 'kg');
INSERT INTO Producto (id, nombre, descripcion, unidad_medida) VALUES (49, 'SCRIGNI', 'PASTAS', 'kg');
INSERT INTO Producto (id, nombre, descripcion, unidad_medida) VALUES (50, 'TORTELLINI ALLA CARNE', 'PASTAS', 'kg');
INSERT INTO Producto (id, nombre, descripcion, unidad_medida) VALUES (51, 'FIOCCHI', 'PASTAS', 'kg');
INSERT INTO Producto (id, nombre, descripcion, unidad_medida) VALUES (52, 'FIOCCHETINI', 'PASTAS', 'kg');
INSERT INTO Producto (id, nombre, descripcion, unidad_medida) VALUES (53, 'AGNOLOTO FUNGHI', 'PASTAS', 'kg');
INSERT INTO Producto (id, nombre, descripcion, unidad_medida) VALUES (54, 'PACCHERI', 'PASTAS', 'kg');
INSERT INTO Producto (id, nombre, descripcion, unidad_medida) VALUES (55, 'CAPELACCIO', 'PASTAS', 'kg');
INSERT INTO Producto (id, nombre, descripcion, unidad_medida) VALUES (56, 'YEMA DE HUEVOS', 'CREMAS', 'kg');
INSERT INTO Producto (id, nombre, descripcion, unidad_medida) VALUES (57, 'CREMA PORCINI', 'CREMAS', 'kg');
INSERT INTO Producto (id, nombre, descripcion, unidad_medida) VALUES (58, 'CREMA BALSAMICA', 'CREMAS', 'kg');
INSERT INTO Producto (id, nombre, descripcion, unidad_medida) VALUES (59, 'CREMA PISTACHO', 'CREMAS', 'kg');
INSERT INTO Producto (id, nombre, descripcion, unidad_medida) VALUES (60, 'CREMA LOTUS', 'CREMAS', 'kg');
INSERT INTO Producto (id, nombre, descripcion, unidad_medida) VALUES (61, 'CREMA AVELLANA ', 'CREMAS', 'kg');
INSERT INTO Producto (id, nombre, descripcion, unidad_medida) VALUES (62, 'NUTELLA', 'CREMAS', 'kg');
INSERT INTO Producto (id, nombre, descripcion, unidad_medida) VALUES (63, 'NATA 20%', 'NATAS', 'kg');
INSERT INTO Producto (id, nombre, descripcion, unidad_medida) VALUES (64, 'NATA35%', 'NATAS', 'kg');
INSERT INTO Producto (id, nombre, descripcion, unidad_medida) VALUES (65, 'PANNA COTTA', 'NATAS', 'kg');
INSERT INTO Producto (id, nombre, descripcion, unidad_medida) VALUES (66, 'NATA SPRAY', 'NATAS', 'kg');
INSERT INTO Producto (id, nombre, descripcion, unidad_medida) VALUES (67, 'RICOTA SALADA', 'QUESOS', 'kg');
INSERT INTO Producto (id, nombre, descripcion, unidad_medida) VALUES (68, 'BRIE', 'QUESOS', 'kg');
INSERT INTO Producto (id, nombre, descripcion, unidad_medida) VALUES (69, 'RULO CABRA ', 'QUESOS', 'kg');
INSERT INTO Producto (id, nombre, descripcion, unidad_medida) VALUES (70, 'EMMENTAL', 'QUESOS', 'kg');
INSERT INTO Producto (id, nombre, descripcion, unidad_medida) VALUES (71, 'PERA', 'VARIOS', 'kg');
INSERT INTO Producto (id, nombre, descripcion, unidad_medida) VALUES (72, 'ALCAPARRAS', 'VARIOS', 'kg');
INSERT INTO Producto (id, nombre, descripcion, unidad_medida) VALUES (73, 'MANTEQUILLA', 'VARIOS', 'kg');
INSERT INTO Producto (id, nombre, descripcion, unidad_medida) VALUES (74, 'PIÑONES', 'VARIOS', 'kg');
INSERT INTO Producto (id, nombre, descripcion, unidad_medida) VALUES (75, 'HIGOS', 'VARIOS', 'kg');
INSERT INTO Producto (id, nombre, descripcion, unidad_medida) VALUES (76, 'ALMENDRAS FILETEADAS', 'VARIOS', 'kg');
INSERT INTO Producto (id, nombre, descripcion, unidad_medida) VALUES (77, 'NUECES TROCEADAS', 'VARIOS', 'kg');
INSERT INTO Producto (id, nombre, descripcion, unidad_medida) VALUES (78, 'MASA LASAGNA', 'VARIOS', 'kg');
INSERT INTO Producto (id, nombre, descripcion, unidad_medida) VALUES (79, 'OREGANO', 'VARIOS', 'kg');
INSERT INTO Producto (id, nombre, descripcion, unidad_medida) VALUES (80, 'ESCALOPAS DE FOIE', 'VARIOS', 'kg');
INSERT INTO Producto (id, nombre, descripcion, unidad_medida) VALUES (81, 'SALMON AHUMADO', 'VARIOS', 'kg');
INSERT INTO Producto (id, nombre, descripcion, unidad_medida) VALUES (82, 'TRUFA', 'VARIOS', 'kg');
INSERT INTO Producto (id, nombre, descripcion, unidad_medida) VALUES (83, 'ANCHOA', 'VARIOS', 'kg');
INSERT INTO Producto (id, nombre, descripcion, unidad_medida) VALUES (84, 'SAL MALDOM', 'VARIOS', 'kg');
INSERT INTO Producto (id, nombre, descripcion, unidad_medida) VALUES (85, 'AZUCAR GLAS', 'VARIOS', 'kg');
INSERT INTO Producto (id, nombre, descripcion, unidad_medida) VALUES (86, 'SPECULOOS CRUMBLE', 'VARIOS', 'kg');
INSERT INTO Producto (id, nombre, descripcion, unidad_medida) VALUES (87, 'CULAN SIN GLUTEN', 'VARIOS', 'kg');
INSERT INTO Producto (id, nombre, descripcion, unidad_medida) VALUES (88, 'CACAO 70%', 'VARIOS', 'kg');
INSERT INTO Producto (id, nombre, descripcion, unidad_medida) VALUES (89, 'MIEL', 'VARIOS', 'kg');
INSERT INTO Producto (id, nombre, descripcion, unidad_medida) VALUES (90, 'MORTADELA MODENA ', 'VARIOS', 'kg');
INSERT INTO Producto (id, nombre, descripcion, unidad_medida) VALUES (91, 'AMARETO', 'VARIOS', 'kg');
INSERT INTO Producto (id, nombre, descripcion, unidad_medida) VALUES (92, 'SPIANATA', 'VARIOS', 'kg');
INSERT INTO Producto (id, nombre, descripcion, unidad_medida) VALUES (93, 'ACEITE DE TRUFA', 'VARIOS', 'kg');
INSERT INTO Producto (id, nombre, descripcion, unidad_medida) VALUES (94, 'TOMATE PULPA', 'VARIOS', 'kg');
INSERT INTO Producto (id, nombre, descripcion, unidad_medida) VALUES (95, 'PERONI S/GLUTEN', 'CERVEZAS', 'litro');
INSERT INTO Producto (id, nombre, descripcion, unidad_medida) VALUES (96, 'PERONI GRAN RESERVA', 'CERVEZAS', 'litro');
INSERT INTO Producto (id, nombre, descripcion, unidad_medida) VALUES (97, 'PERONI 0,0', 'CERVEZAS', 'litro');
INSERT INTO Producto (id, nombre, descripcion, unidad_medida) VALUES (98, 'MORETTI LATA', 'CERVEZAS', 'litro');
INSERT INTO Producto (id, nombre, descripcion, unidad_medida) VALUES (99, 'MORETTI LIMON', 'CERVEZAS', 'litro');
INSERT INTO Producto (id, nombre, descripcion, unidad_medida) VALUES (100, 'MORETTI 33cl', 'CERVEZAS', 'litro');
INSERT INTO Producto (id, nombre, descripcion, unidad_medida) VALUES (101, 'LAMBRUSCO TINTO', 'VINOS', 'litro');
INSERT INTO Producto (id, nombre, descripcion, unidad_medida) VALUES (102, 'LAMBRUSCO ROSADO', 'VINOS', 'litro');
INSERT INTO Producto (id, nombre, descripcion, unidad_medida) VALUES (103, 'MOSCATO', 'VINOS', 'litro');
INSERT INTO Producto (id, nombre, descripcion, unidad_medida) VALUES (119, 'AQUA PANNA', 'AGUA', 'litro');
INSERT INTO Producto (id, nombre, descripcion, unidad_medida) VALUES (120, 'SAN PELLEGRINO', 'AGUA', 'litro');
INSERT INTO Producto (id, nombre, descripcion, unidad_medida) VALUES (121, 'AGUAS RIBES ', 'AGUA', 'litro');
INSERT INTO Producto (id, nombre, descripcion, unidad_medida) VALUES (122, 'LECHE', 'LECHES', 'litro');
INSERT INTO Producto (id, nombre, descripcion, unidad_medida) VALUES (123, 'QUESO AZUL', 'QUESOS', 'kg');
INSERT INTO Producto (id, nombre, descripcion, unidad_medida) VALUES (124, 'CREMETTE', 'QUESOS', 'kg');
INSERT INTO Producto (id, nombre, descripcion, unidad_medida) VALUES (125, 'QUESO CURADO', 'QUESOS', 'kg');
INSERT INTO Producto (id, nombre, descripcion, unidad_medida) VALUES (126, 'AZUCAR', 'VARIOS', 'kg');
INSERT INTO Producto (id, nombre, descripcion, unidad_medida) VALUES (127, 'SAL', 'VARIOS', 'kg');
INSERT INTO Producto (id, nombre, descripcion, unidad_medida) VALUES (128, 'SIROPE CHOCOLATE', 'VARIOS', 'kg');
INSERT INTO Producto (id, nombre, descripcion, unidad_medida) VALUES (129, 'SIROPE FRESAS', 'VARIOS', 'kg');
INSERT INTO Producto (id, nombre, descripcion, unidad_medida) VALUES (130, 'SIROPE CARAMELO', 'VARIOS', 'kg');
INSERT INTO Producto (id, nombre, descripcion, unidad_medida) VALUES (131, 'OLIVAS NEGRAS', 'VARIOS', 'kg');
INSERT INTO Producto (id, nombre, descripcion, unidad_medida) VALUES (132, 'PAN RALLADO', 'VARIOS', 'kg');
INSERT INTO Producto (id, nombre, descripcion, unidad_medida) VALUES (133, 'GALLETITAS MARIA', 'VARIOS', 'kg');
INSERT INTO Producto (id, nombre, descripcion, unidad_medida) VALUES (134, 'GALLETITAS OREO', 'VARIOS', 'kg');
INSERT INTO Producto (id, nombre, descripcion, unidad_medida) VALUES (135, 'GALLETITAS LOTUS', 'VARIOS', 'kg');
INSERT INTO Producto (id, nombre, descripcion, unidad_medida) VALUES (136, 'VINO HABLA SILENCIO', 'VINOS', 'litro');
INSERT INTO Producto (id, nombre, descripcion, unidad_medida) VALUES (137, 'CAMPARI', 'LICORES', 'litro');
INSERT INTO Producto (id, nombre, descripcion, unidad_medida) VALUES (138, 'VODKA ABSOLUT', 'LICORES', 'litro');
INSERT INTO Producto (id, nombre, descripcion, unidad_medida) VALUES (139, 'ZOCO', 'LICORES', 'litro');
INSERT INTO Producto (id, nombre, descripcion, unidad_medida) VALUES (140, 'CARLOS III', 'LICORES', 'litro');
INSERT INTO Producto (id, nombre, descripcion, unidad_medida) VALUES (141, 'FRANGELICO', 'LICORES', 'litro');
INSERT INTO Producto (id, nombre, descripcion, unidad_medida) VALUES (142, 'MARIE BRIZARD', 'LICORES', 'litro');
INSERT INTO Producto (id, nombre, descripcion, unidad_medida) VALUES (143, 'ACEITE BORGES', 'ACEITES', 'litro');
INSERT INTO Producto (id, nombre, descripcion, unidad_medida) VALUES (144, 'PIMIENTA NEGRA G.', 'VARIOS', 'kg');
INSERT INTO Producto (id, nombre, descripcion, unidad_medida) VALUES (145, 'PIMIENTA NEGRA M.', 'VARIOS', 'kg');
INSERT INTO Producto (id, nombre, descripcion, unidad_medida) VALUES (146, 'GUINDILLA', 'VARIOS', 'kg');
INSERT INTO Producto (id, nombre, descripcion, unidad_medida) VALUES (147, 'ACEITE LA CHINATA', 'ACEITES', 'litro');
INSERT INTO Producto (id, nombre, descripcion, unidad_medida) VALUES (148, 'CUÑA PARMESANO', 'QUESOS', 'kg');
INSERT INTO Producto (id, nombre, descripcion, unidad_medida) VALUES (149, 'APEROL', 'LICORES', 'litro');
INSERT INTO Producto (id, nombre, descripcion, unidad_medida) VALUES (150, 'OLIVAS COCKTAIL', 'VARIOS', 'kg');
INSERT INTO Producto (id, nombre, descripcion, unidad_medida) VALUES (151, 'ACEITE GIRASOL', 'ACEITES', 'litro');
INSERT INTO Producto (id, nombre, descripcion, unidad_medida) VALUES (152, 'ATUN', 'VARIOS', 'kg');
INSERT INTO Producto (id, nombre, descripcion, unidad_medida) VALUES (153, 'BARRIL MORETTI', 'CERVEZAS', 'litro');
INSERT INTO Producto (id, nombre, descripcion, unidad_medida) VALUES (154, 'MOSTAZA ', 'VARIOS', 'kg');
INSERT INTO Producto (id, nombre, descripcion, unidad_medida) VALUES (155, 'MOSTAZA CON MIEL', 'VARIOS', 'kg');
INSERT INTO Producto (id, nombre, descripcion, unidad_medida) VALUES (156, 'BARBACOA', 'VARIOS', 'kg');
INSERT INTO Producto (id, nombre, descripcion, unidad_medida) VALUES (157, 'MAYONESA', 'VARIOS', 'kg');
INSERT INTO Producto (id, nombre, descripcion, unidad_medida) VALUES (158, 'VINO DON MENDO', 'VINOS', 'litro');
INSERT INTO Producto (id, nombre, descripcion, unidad_medida) VALUES (159, 'ACEITE OLIVA', 'ACEITES', 'litro');
INSERT INTO Producto (id, nombre, descripcion, unidad_medida) VALUES (160, 'LEMONCCELO', 'LICORES', 'litro');
INSERT INTO Producto (id, nombre, descripcion, unidad_medida) VALUES (161, 'LICOR DE HIERBAS ', 'LICORES', 'litro');
INSERT INTO Producto (id, nombre, descripcion, unidad_medida) VALUES (162, 'LECHE AVENA', 'LECHES', 'litro');
INSERT INTO Producto (id, nombre, descripcion, unidad_medida) VALUES (163, 'CERVEZA MORETTI 33cl', 'CERVEZAS', 'litro');
INSERT INTO Producto (id, nombre, descripcion, unidad_medida) VALUES (164, 'CERVEZA AMSTEL ORO 33cl', 'CERVEZAS', 'litro');
INSERT INTO Producto (id, nombre, descripcion, unidad_medida) VALUES (165, 'CERVEZA AMSTEL ORO 0,0', 'CERVEZAS', 'litro');
INSERT INTO Producto (id, nombre, descripcion, unidad_medida) VALUES (166, 'GRAPA', 'LICORES', 'litro');
INSERT INTO Producto (id, nombre, descripcion, unidad_medida) VALUES (167, 'SOLOMILLO DE TERNERA', 'CARNES', 'kg');
INSERT INTO Producto (id, nombre, descripcion, unidad_medida) VALUES (168, 'CROSTO DE TERNRA ', 'CARNES', 'kg');
INSERT INTO Producto (id, nombre, descripcion, unidad_medida) VALUES (169, 'REDONDO DE BUEY', 'CARNES', 'kg');
INSERT INTO Producto (id, nombre, descripcion, unidad_medida) VALUES (170, 'PASTA DE BOTIFARRA', 'PASTAS', 'kg');
INSERT INTO Producto (id, nombre, descripcion, unidad_medida) VALUES (171, 'CARNE PICADA', 'CARNES', 'kg');
INSERT INTO Producto (id, nombre, descripcion, unidad_medida) VALUES (172, 'BACON', 'EMBUTIDOS', 'kg');
INSERT INTO Producto (id, nombre, descripcion, unidad_medida) VALUES (173, 'JAMON DE PATO', 'EMBUTIDOS', 'kg');
INSERT INTO Producto (id, nombre, descripcion, unidad_medida) VALUES (174, 'FRUTOS DE MAR', 'VARIOS', 'kg');
INSERT INTO Producto (id, nombre, descripcion, unidad_medida) VALUES (175, 'PATATAS FRITAS', 'VARIOS', 'kg');
INSERT INTO Producto (id, nombre, descripcion, unidad_medida) VALUES (176, 'GAMBON LANGOSTINERO', 'VARIOS', 'kg');
INSERT INTO Producto (id, nombre, descripcion, unidad_medida) VALUES (177, 'GAMBAS PELADAS', 'VARIOS', 'kg');
INSERT INTO Producto (id, nombre, descripcion, unidad_medida) VALUES (178, 'ALMEJAS MARRONES', 'VARIOS', 'kg');
INSERT INTO Producto (id, nombre, descripcion, unidad_medida) VALUES (179, 'MEJILLONES', 'VARIOS', 'kg');
INSERT INTO Producto (id, nombre, descripcion, unidad_medida) VALUES (180, 'ESPINACA', 'VARIOS', 'kg');
INSERT INTO Producto (id, nombre, descripcion, unidad_medida) VALUES (181, 'CALDO DE CARNE ', 'VARIOS', 'kg');
INSERT INTO Producto (id, nombre, descripcion, unidad_medida) VALUES (182, 'CONCENTRADO DE MARISCO', 'VARIOS', 'kg');
INSERT INTO Producto (id, nombre, descripcion, unidad_medida) VALUES (183, 'MEZCLA DE SETAS', 'VARIOS', 'kg');
INSERT INTO Producto (id, nombre, descripcion, unidad_medida) VALUES (184, 'MUZZARELLA DI BUFALA', 'QUESOS', 'kg');
INSERT INTO Producto (id, nombre, descripcion, unidad_medida) VALUES (185, 'GRISINI', 'VARIOS', 'kg');
INSERT INTO Producto (id, nombre, descripcion, unidad_medida) VALUES (186, 'PINOT GRIGIO', 'VINOS', 'litro');
INSERT INTO Producto (id, nombre, descripcion, unidad_medida) VALUES (187, 'CREMA PERA JENGIBRE', 'CREMAS', 'unidad');
INSERT INTO Producto (id, nombre, descripcion, unidad_medida) VALUES (188, 'STRACCIATELLA', 'QUESOS', 'kg');
INSERT INTO Producto (id, nombre, descripcion, unidad_medida) VALUES (189, 'BURRATA 125G', 'QUESOS', 'kg');
INSERT INTO Producto (id, nombre, descripcion, unidad_medida) VALUES (190, 'SEMOLA ', 'HARINAS', 'kg');
INSERT INTO Producto (id, nombre, descripcion, unidad_medida) VALUES (191, 'SERVILLETAS BLANCAS', 'DESCARTABLES', 'unidad');
INSERT INTO Producto (id, nombre, descripcion, unidad_medida) VALUES (192, 'SERVILLETAS AMARILLAS x 600', 'DESCARTABLES', 'unidad');
INSERT INTO Producto (id, nombre, descripcion, unidad_medida) VALUES (193, 'MANTELES MARRONES x 500', 'DESCARTABLES', 'unidad');
INSERT INTO Producto (id, nombre, descripcion, unidad_medida) VALUES (194, 'ROLLO PAPEL COCINA x 6', 'DESCARTABLES', 'unidad');
INSERT INTO Producto (id, nombre, descripcion, unidad_medida) VALUES (195, 'PAPEL HIGIENICO x 12', 'DESCARTABLES', 'unidad');
INSERT INTO Producto (id, nombre, descripcion, unidad_medida) VALUES (196, 'PAPEL CONTINUOS ', 'DESCARTABLES', 'unidad');
INSERT INTO Producto (id, nombre, descripcion, unidad_medida) VALUES (197, 'CACHARROS 750 x 50', 'DESCARTABLES', 'unidad');
INSERT INTO Producto (id, nombre, descripcion, unidad_medida) VALUES (198, 'CACHARROS 1500 x 50', 'DESCARTABLES', 'unidad');
INSERT INTO Producto (id, nombre, descripcion, unidad_medida) VALUES (199, 'PLATOS KRAFT 26 x 50', 'DESCARTABLES', 'unidad');
INSERT INTO Producto (id, nombre, descripcion, unidad_medida) VALUES (200, 'BOL CUADRADO 80 x 50', 'DESCARTABLES', 'unidad');
INSERT INTO Producto (id, nombre, descripcion, unidad_medida) VALUES (201, 'TARRINA 240 x 50', 'DESCARTABLES', 'unidad');
INSERT INTO Producto (id, nombre, descripcion, unidad_medida) VALUES (202, 'ENSALEDERAS KRAFT 1100 x 25', 'DESCARTABLES', 'unidad');
INSERT INTO Producto (id, nombre, descripcion, unidad_medida) VALUES (203, 'ENSALADERAS KRAFT 750 x 25', 'DESCARTABLES', 'unidad');
INSERT INTO Producto (id, nombre, descripcion, unidad_medida) VALUES (204, 'GUANTES x 100', 'DESCARTABLES', 'unidad');
INSERT INTO Producto (id, nombre, descripcion, unidad_medida) VALUES (205, 'AGNOLOTO CARNE ', 'PASTAS', 'kg');
INSERT INTO Producto (id, nombre, descripcion, unidad_medida) VALUES (206, 'CANNOLI', 'PASTAS', 'kg');
INSERT INTO Producto (id, nombre, descripcion, unidad_medida) VALUES (207, 'LAMBRUSCO ROSADO DIAMANTE', 'VINOS', 'litro');
INSERT INTO Producto (id, nombre, descripcion, unidad_medida) VALUES (208, 'LAMBRUSCO TINTO DIAMNATE', 'VINOS', 'litro');
INSERT INTO Producto (id, nombre, descripcion, unidad_medida) VALUES (209, 'GRAPA RESERVA MARCATI', 'LICORES', 'litro');
INSERT INTO Producto (id, nombre, descripcion, unidad_medida) VALUES (210, 'PAN CARASAU', 'VARIOS', 'kg');
INSERT INTO Producto (id, nombre, descripcion, unidad_medida) VALUES (211, 'MOSCATO D''ASTI', 'LICORES', 'litro');
INSERT INTO Producto (id, nombre, descripcion, unidad_medida) VALUES (212, 'GRILLO', 'VARIOS', 'unidad');
INSERT INTO Producto (id, nombre, descripcion, unidad_medida) VALUES (213, 'MONTEPULCIANO', 'VINOS', 'litro');
INSERT INTO Producto (id, nombre, descripcion, unidad_medida) VALUES (214, 'SIRAH', 'VINOS', 'litro');
INSERT INTO Producto (id, nombre, descripcion, unidad_medida) VALUES (215, 'NERO D''AVOLA', 'VINOS', 'litro');
INSERT INTO Producto (id, nombre, descripcion, unidad_medida) VALUES (216, 'NERO D''AVOLA 0,37', 'VINOS', 'litro');
INSERT INTO Producto (id, nombre, descripcion, unidad_medida) VALUES (217, 'CHIANTI', 'VINOS', 'litro');
INSERT INTO Producto (id, nombre, descripcion, unidad_medida) VALUES (218, 'JABON MANUAL x 5', 'DESCARTABLES', 'unidad');
INSERT INTO Producto (id, nombre, descripcion, unidad_medida) VALUES (219, 'DESENGRASANTE 4l', 'DESCARTABLES', 'unidad');
INSERT INTO Producto (id, nombre, descripcion, unidad_medida) VALUES (220, 'JABON MANO COCINA', 'DESCARTABLES', 'unidad');
INSERT INTO Producto (id, nombre, descripcion, unidad_medida) VALUES (221, 'JABON MANO BAÑO', 'DESCARTABLES', 'unidad');
INSERT INTO Producto (id, nombre, descripcion, unidad_medida) VALUES (222, 'FILM 300', 'DESCARTABLES', 'unidad');
INSERT INTO Producto (id, nombre, descripcion, unidad_medida) VALUES (223, 'ALUMINIO', 'DESCARTABLES', 'unidad');
INSERT INTO Producto (id, nombre, descripcion, unidad_medida) VALUES (224, 'BOLSAS NEGRAS x 10', 'DESCARTABLES', 'unidad');
INSERT INTO Producto (id, nombre, descripcion, unidad_medida) VALUES (225, 'ESPONJAS VERDES 6u', 'DESCARTABLES', 'unidad');
INSERT INTO Producto (id, nombre, descripcion, unidad_medida) VALUES (226, 'ESPONJAS ACERO', 'DESCARTABLES', 'unidad');
INSERT INTO Producto (id, nombre, descripcion, unidad_medida) VALUES (227, 'LIQUIDO PISO 4l', 'DESCARTABLES', 'unidad');
INSERT INTO Producto (id, nombre, descripcion, unidad_medida) VALUES (228, 'CIF', 'DESCARTABLES', 'unidad');
INSERT INTO Producto (id, nombre, descripcion, unidad_medida) VALUES (229, 'CLORO PARA ALIMENTOS', 'DESCARTABLES', 'unidad');
INSERT INTO Producto (id, nombre, descripcion, unidad_medida) VALUES (230, 'JABON DE MAQUINA', 'DESCARTABLES', 'unidad');
INSERT INTO Producto (id, nombre, descripcion, unidad_medida) VALUES (231, 'ABRILLANTADOR 10l', 'DESCARTABLES', 'unidad');
INSERT INTO Producto (id, nombre, descripcion, unidad_medida) VALUES (232, 'GERMINEX', 'DESCARTABLES', 'unidad');
INSERT INTO Producto (id, nombre, descripcion, unidad_medida) VALUES (234, 'MOPA', 'DESCARTABLES', 'unidad');
INSERT INTO Producto (id, nombre, descripcion, unidad_medida) VALUES (235, 'LIMPIA CRISTALES', 'DESCARTABLES', 'unidad');
INSERT INTO Producto (id, nombre, descripcion, unidad_medida) VALUES (236, 'PAPEL ANTIGRASA', 'DESCARTABLES', 'unidad');
INSERT INTO Producto (id, nombre, descripcion, unidad_medida) VALUES (237, 'HELADO CHOCOLATE HOLANDES', 'HELADOS', 'kg');
INSERT INTO Producto (id, nombre, descripcion, unidad_medida) VALUES (238, 'HELADO STRACCIATELLA', 'HELADOS', 'kg');
INSERT INTO Producto (id, nombre, descripcion, unidad_medida) VALUES (239, 'HELADO PISTACHO', 'HELADOS', 'kg');
INSERT INTO Producto (id, nombre, descripcion, unidad_medida) VALUES (240, 'HELADO VAINILLA ANTICA', 'HELADOS', 'kg');
INSERT INTO Producto (id, nombre, descripcion, unidad_medida) VALUES (241, 'HELADO LIMON', 'HELADOS', 'kg');
INSERT INTO Producto (id, nombre, descripcion, unidad_medida) VALUES (242, 'HELADO NOCCIOLA', 'HELADOS', 'kg');
INSERT INTO Producto (id, nombre, descripcion, unidad_medida) VALUES (243, 'HELADO COCO', 'HELADOS', 'kg');
INSERT INTO Producto (id, nombre, descripcion, unidad_medida) VALUES (244, 'AJO', 'VARIOS', 'kg');
INSERT INTO Producto (id, nombre, descripcion, unidad_medida) VALUES (245, 'ALBAHACA', 'VARIOS', 'kg');
INSERT INTO Producto (id, nombre, descripcion, unidad_medida) VALUES (246, 'APIO', 'VARIOS', 'kg');
INSERT INTO Producto (id, nombre, descripcion, unidad_medida) VALUES (247, 'BERENJENA ', 'VARIOS', 'kg');
INSERT INTO Producto (id, nombre, descripcion, unidad_medida) VALUES (248, 'BROTES', 'VARIOS', 'kg');
INSERT INTO Producto (id, nombre, descripcion, unidad_medida) VALUES (249, 'CALABACIN', 'VARIOS', 'kg');
INSERT INTO Producto (id, nombre, descripcion, unidad_medida) VALUES (250, 'CEBOLLA  ', 'VARIOS', 'kg');
INSERT INTO Producto (id, nombre, descripcion, unidad_medida) VALUES (251, 'CEBOLLA TIERNA ', 'VARIOS', 'kg');
INSERT INTO Producto (id, nombre, descripcion, unidad_medida) VALUES (252, 'CHAMPIÑONES ', 'VARIOS', 'kg');
INSERT INTO Producto (id, nombre, descripcion, unidad_medida) VALUES (253, 'CHERRY', 'VARIOS', 'kg');
INSERT INTO Producto (id, nombre, descripcion, unidad_medida) VALUES (254, 'FRAMBUESA', 'VARIOS', 'kg');
INSERT INTO Producto (id, nombre, descripcion, unidad_medida) VALUES (255, 'HUEVO', 'VARIOS', 'kg');
INSERT INTO Producto (id, nombre, descripcion, unidad_medida) VALUES (256, 'LECHUGA', 'VARIOS', 'kg');
INSERT INTO Producto (id, nombre, descripcion, unidad_medida) VALUES (257, 'LIMON', 'VARIOS', 'kg');
INSERT INTO Producto (id, nombre, descripcion, unidad_medida) VALUES (258, 'MENTA ', 'VARIOS', 'kg');
INSERT INTO Producto (id, nombre, descripcion, unidad_medida) VALUES (259, 'NARANJA', 'VARIOS', 'kg');
INSERT INTO Producto (id, nombre, descripcion, unidad_medida) VALUES (260, 'PEREJIL', 'VARIOS', 'kg');
INSERT INTO Producto (id, nombre, descripcion, unidad_medida) VALUES (261, 'PIMIENTO', 'VARIOS', 'kg');
INSERT INTO Producto (id, nombre, descripcion, unidad_medida) VALUES (262, 'ROMERO', 'VARIOS', 'kg');
INSERT INTO Producto (id, nombre, descripcion, unidad_medida) VALUES (263, 'RUCULA', 'VARIOS', 'kg');
INSERT INTO Producto (id, nombre, descripcion, unidad_medida) VALUES (264, 'TOMATE REDONDO', 'VARIOS', 'kg');
INSERT INTO Producto (id, nombre, descripcion, unidad_medida) VALUES (265, 'ZANAHORIA', 'VARIOS', 'kg');
INSERT INTO Producto (id, nombre, descripcion, unidad_medida) VALUES (271, 'SERVILLETAS AMARILLAS X 50', 'VARIOS', 'unidad');
INSERT INTO Producto (id, nombre, descripcion, unidad_medida) VALUES (272, 'aaaa', 'a', 'unidad');
INSERT INTO Producto (id, nombre, descripcion, unidad_medida) VALUES (274, 'PRODUCTO DE PRUEBA', 'DESCRIPCIÓN DE PRUEBA', 'kg');
INSERT INTO Producto (id, nombre, descripcion, unidad_medida) VALUES (275, 'PRODUCTO DE PRUEBA2', 'DESCRIPCIÓN DE PRUEBA', 'kg');

-- Datos para Proveedor_Producto
INSERT INTO Proveedor_Producto (proveedor_id, producto_id, precio_unitario, tiempo_entrega) VALUES (6, 167, 30.2, '');
INSERT INTO Proveedor_Producto (proveedor_id, producto_id, precio_unitario, tiempo_entrega) VALUES (6, 168, 14.48, '');
INSERT INTO Proveedor_Producto (proveedor_id, producto_id, precio_unitario, tiempo_entrega) VALUES (6, 169, 8.1, '');
INSERT INTO Proveedor_Producto (proveedor_id, producto_id, precio_unitario, tiempo_entrega) VALUES (6, 170, 6.36, '');
INSERT INTO Proveedor_Producto (proveedor_id, producto_id, precio_unitario, tiempo_entrega) VALUES (6, 171, 7.68, '');
INSERT INTO Proveedor_Producto (proveedor_id, producto_id, precio_unitario, tiempo_entrega) VALUES (6, 172, 7.62, '');
INSERT INTO Proveedor_Producto (proveedor_id, producto_id, precio_unitario, tiempo_entrega) VALUES (6, 173, 34.95, '');
INSERT INTO Proveedor_Producto (proveedor_id, producto_id, precio_unitario, tiempo_entrega) VALUES (3, 26, 4.38, '');
INSERT INTO Proveedor_Producto (proveedor_id, producto_id, precio_unitario, tiempo_entrega) VALUES (3, 48, 6.05, '');
INSERT INTO Proveedor_Producto (proveedor_id, producto_id, precio_unitario, tiempo_entrega) VALUES (3, 49, 25.25, '');
INSERT INTO Proveedor_Producto (proveedor_id, producto_id, precio_unitario, tiempo_entrega) VALUES (3, 50, 7.74, '');
INSERT INTO Proveedor_Producto (proveedor_id, producto_id, precio_unitario, tiempo_entrega) VALUES (3, 51, 12.69, '');
INSERT INTO Proveedor_Producto (proveedor_id, producto_id, precio_unitario, tiempo_entrega) VALUES (3, 52, 12.46, '');
INSERT INTO Proveedor_Producto (proveedor_id, producto_id, precio_unitario, tiempo_entrega) VALUES (3, 53, 14.25, '');
INSERT INTO Proveedor_Producto (proveedor_id, producto_id, precio_unitario, tiempo_entrega) VALUES (3, 54, 6.57, '');
INSERT INTO Proveedor_Producto (proveedor_id, producto_id, precio_unitario, tiempo_entrega) VALUES (3, 55, 26.28, '');
INSERT INTO Proveedor_Producto (proveedor_id, producto_id, precio_unitario, tiempo_entrega) VALUES (3, 56, 6.49, '');
INSERT INTO Proveedor_Producto (proveedor_id, producto_id, precio_unitario, tiempo_entrega) VALUES (3, 35, 33.98, '');
INSERT INTO Proveedor_Producto (proveedor_id, producto_id, precio_unitario, tiempo_entrega) VALUES (3, 57, 17.62, '');
INSERT INTO Proveedor_Producto (proveedor_id, producto_id, precio_unitario, tiempo_entrega) VALUES (3, 58, 5.2, '');
INSERT INTO Proveedor_Producto (proveedor_id, producto_id, precio_unitario, tiempo_entrega) VALUES (3, 59, 18.5, '');
INSERT INTO Proveedor_Producto (proveedor_id, producto_id, precio_unitario, tiempo_entrega) VALUES (3, 60, 12.96, '');
INSERT INTO Proveedor_Producto (proveedor_id, producto_id, precio_unitario, tiempo_entrega) VALUES (3, 61, 5.92, '');
INSERT INTO Proveedor_Producto (proveedor_id, producto_id, precio_unitario, tiempo_entrega) VALUES (3, 62, 22.5, '');
INSERT INTO Proveedor_Producto (proveedor_id, producto_id, precio_unitario, tiempo_entrega) VALUES (3, 63, 4.1, '');
INSERT INTO Proveedor_Producto (proveedor_id, producto_id, precio_unitario, tiempo_entrega) VALUES (3, 64, 4.75, '');
INSERT INTO Proveedor_Producto (proveedor_id, producto_id, precio_unitario, tiempo_entrega) VALUES (3, 65, 4.95, '');
INSERT INTO Proveedor_Producto (proveedor_id, producto_id, precio_unitario, tiempo_entrega) VALUES (3, 66, 0, '');
INSERT INTO Proveedor_Producto (proveedor_id, producto_id, precio_unitario, tiempo_entrega) VALUES (3, 17, 17.5, '');
INSERT INTO Proveedor_Producto (proveedor_id, producto_id, precio_unitario, tiempo_entrega) VALUES (3, 14, 11.89, '');
INSERT INTO Proveedor_Producto (proveedor_id, producto_id, precio_unitario, tiempo_entrega) VALUES (3, 67, 14.32, '');
INSERT INTO Proveedor_Producto (proveedor_id, producto_id, precio_unitario, tiempo_entrega) VALUES (3, 68, 8.85, '');
INSERT INTO Proveedor_Producto (proveedor_id, producto_id, precio_unitario, tiempo_entrega) VALUES (3, 69, 9.85, '');
INSERT INTO Proveedor_Producto (proveedor_id, producto_id, precio_unitario, tiempo_entrega) VALUES (3, 70, 9.95, '');
INSERT INTO Proveedor_Producto (proveedor_id, producto_id, precio_unitario, tiempo_entrega) VALUES (3, 71, 4.24, '');
INSERT INTO Proveedor_Producto (proveedor_id, producto_id, precio_unitario, tiempo_entrega) VALUES (3, 72, 6.35, '');
INSERT INTO Proveedor_Producto (proveedor_id, producto_id, precio_unitario, tiempo_entrega) VALUES (3, 73, 9.95, '');
INSERT INTO Proveedor_Producto (proveedor_id, producto_id, precio_unitario, tiempo_entrega) VALUES (3, 74, 41.5, '');
INSERT INTO Proveedor_Producto (proveedor_id, producto_id, precio_unitario, tiempo_entrega) VALUES (3, 75, 11.84, '');
INSERT INTO Proveedor_Producto (proveedor_id, producto_id, precio_unitario, tiempo_entrega) VALUES (3, 76, 0, '');
INSERT INTO Proveedor_Producto (proveedor_id, producto_id, precio_unitario, tiempo_entrega) VALUES (3, 77, 12.99, '');
INSERT INTO Proveedor_Producto (proveedor_id, producto_id, precio_unitario, tiempo_entrega) VALUES (3, 78, 3.75, '');
INSERT INTO Proveedor_Producto (proveedor_id, producto_id, precio_unitario, tiempo_entrega) VALUES (3, 79, 0, '');
INSERT INTO Proveedor_Producto (proveedor_id, producto_id, precio_unitario, tiempo_entrega) VALUES (3, 80, 52.5, '');
INSERT INTO Proveedor_Producto (proveedor_id, producto_id, precio_unitario, tiempo_entrega) VALUES (3, 81, 30.95, '');
INSERT INTO Proveedor_Producto (proveedor_id, producto_id, precio_unitario, tiempo_entrega) VALUES (3, 82, 0, '');
INSERT INTO Proveedor_Producto (proveedor_id, producto_id, precio_unitario, tiempo_entrega) VALUES (3, 83, 44.85, '');
INSERT INTO Proveedor_Producto (proveedor_id, producto_id, precio_unitario, tiempo_entrega) VALUES (3, 84, 0, '');
INSERT INTO Proveedor_Producto (proveedor_id, producto_id, precio_unitario, tiempo_entrega) VALUES (3, 85, 0, '');
INSERT INTO Proveedor_Producto (proveedor_id, producto_id, precio_unitario, tiempo_entrega) VALUES (3, 86, 8.9, '');
INSERT INTO Proveedor_Producto (proveedor_id, producto_id, precio_unitario, tiempo_entrega) VALUES (3, 87, 0, '');
INSERT INTO Proveedor_Producto (proveedor_id, producto_id, precio_unitario, tiempo_entrega) VALUES (3, 88, 31.9, '');
INSERT INTO Proveedor_Producto (proveedor_id, producto_id, precio_unitario, tiempo_entrega) VALUES (3, 89, 6.33, '');
INSERT INTO Proveedor_Producto (proveedor_id, producto_id, precio_unitario, tiempo_entrega) VALUES (3, 90, 0, '');
INSERT INTO Proveedor_Producto (proveedor_id, producto_id, precio_unitario, tiempo_entrega) VALUES (3, 47, 3.5, '');
INSERT INTO Proveedor_Producto (proveedor_id, producto_id, precio_unitario, tiempo_entrega) VALUES (3, 91, 0, '');
INSERT INTO Proveedor_Producto (proveedor_id, producto_id, precio_unitario, tiempo_entrega) VALUES (3, 92, 15.47, '');
INSERT INTO Proveedor_Producto (proveedor_id, producto_id, precio_unitario, tiempo_entrega) VALUES (3, 93, 0, '');
INSERT INTO Proveedor_Producto (proveedor_id, producto_id, precio_unitario, tiempo_entrega) VALUES (3, 94, 1.15, '');
INSERT INTO Proveedor_Producto (proveedor_id, producto_id, precio_unitario, tiempo_entrega) VALUES (3, 95, 1.73, '');
INSERT INTO Proveedor_Producto (proveedor_id, producto_id, precio_unitario, tiempo_entrega) VALUES (3, 96, 0, '');
INSERT INTO Proveedor_Producto (proveedor_id, producto_id, precio_unitario, tiempo_entrega) VALUES (3, 97, 1.35, '');
INSERT INTO Proveedor_Producto (proveedor_id, producto_id, precio_unitario, tiempo_entrega) VALUES (3, 98, 1.24, '');
INSERT INTO Proveedor_Producto (proveedor_id, producto_id, precio_unitario, tiempo_entrega) VALUES (3, 99, 1.95, '');
INSERT INTO Proveedor_Producto (proveedor_id, producto_id, precio_unitario, tiempo_entrega) VALUES (3, 100, 1.95, '');
INSERT INTO Proveedor_Producto (proveedor_id, producto_id, precio_unitario, tiempo_entrega) VALUES (3, 101, 5.57, '');
INSERT INTO Proveedor_Producto (proveedor_id, producto_id, precio_unitario, tiempo_entrega) VALUES (3, 102, 4.55, '');
INSERT INTO Proveedor_Producto (proveedor_id, producto_id, precio_unitario, tiempo_entrega) VALUES (3, 103, 8.38, '');
INSERT INTO Proveedor_Producto (proveedor_id, producto_id, precio_unitario, tiempo_entrega) VALUES (1, 3, 0.89, '');
INSERT INTO Proveedor_Producto (proveedor_id, producto_id, precio_unitario, tiempo_entrega) VALUES (1, 4, 0.88, '');
INSERT INTO Proveedor_Producto (proveedor_id, producto_id, precio_unitario, tiempo_entrega) VALUES (1, 5, 0.6, '');
INSERT INTO Proveedor_Producto (proveedor_id, producto_id, precio_unitario, tiempo_entrega) VALUES (1, 6, 0.59, '');
INSERT INTO Proveedor_Producto (proveedor_id, producto_id, precio_unitario, tiempo_entrega) VALUES (1, 7, 0.82, '');
INSERT INTO Proveedor_Producto (proveedor_id, producto_id, precio_unitario, tiempo_entrega) VALUES (1, 8, 4.3, '');
INSERT INTO Proveedor_Producto (proveedor_id, producto_id, precio_unitario, tiempo_entrega) VALUES (1, 9, 14.19, '');
INSERT INTO Proveedor_Producto (proveedor_id, producto_id, precio_unitario, tiempo_entrega) VALUES (1, 10, 6.44, '');
INSERT INTO Proveedor_Producto (proveedor_id, producto_id, precio_unitario, tiempo_entrega) VALUES (1, 11, 8.06, '');
INSERT INTO Proveedor_Producto (proveedor_id, producto_id, precio_unitario, tiempo_entrega) VALUES (1, 12, 9.17, '');
INSERT INTO Proveedor_Producto (proveedor_id, producto_id, precio_unitario, tiempo_entrega) VALUES (1, 13, 7.23, '');
INSERT INTO Proveedor_Producto (proveedor_id, producto_id, precio_unitario, tiempo_entrega) VALUES (1, 14, 8.92, '');
INSERT INTO Proveedor_Producto (proveedor_id, producto_id, precio_unitario, tiempo_entrega) VALUES (1, 15, 14.19, '');
INSERT INTO Proveedor_Producto (proveedor_id, producto_id, precio_unitario, tiempo_entrega) VALUES (1, 16, 5.48, '');
INSERT INTO Proveedor_Producto (proveedor_id, producto_id, precio_unitario, tiempo_entrega) VALUES (1, 17, 12.61, '');
INSERT INTO Proveedor_Producto (proveedor_id, producto_id, precio_unitario, tiempo_entrega) VALUES (1, 18, 6.56, '');
INSERT INTO Proveedor_Producto (proveedor_id, producto_id, precio_unitario, tiempo_entrega) VALUES (1, 148, 9.62, '');
INSERT INTO Proveedor_Producto (proveedor_id, producto_id, precio_unitario, tiempo_entrega) VALUES (1, 20, 8.06, '');
INSERT INTO Proveedor_Producto (proveedor_id, producto_id, precio_unitario, tiempo_entrega) VALUES (1, 21, 1.24, '');
INSERT INTO Proveedor_Producto (proveedor_id, producto_id, precio_unitario, tiempo_entrega) VALUES (1, 22, 1.47, '');
INSERT INTO Proveedor_Producto (proveedor_id, producto_id, precio_unitario, tiempo_entrega) VALUES (1, 23, 1.47, '');
INSERT INTO Proveedor_Producto (proveedor_id, producto_id, precio_unitario, tiempo_entrega) VALUES (1, 24, 1.47, '');
INSERT INTO Proveedor_Producto (proveedor_id, producto_id, precio_unitario, tiempo_entrega) VALUES (1, 25, 5.19, '');
INSERT INTO Proveedor_Producto (proveedor_id, producto_id, precio_unitario, tiempo_entrega) VALUES (1, 26, 2.82, '');
INSERT INTO Proveedor_Producto (proveedor_id, producto_id, precio_unitario, tiempo_entrega) VALUES (1, 27, 2.28, '');
INSERT INTO Proveedor_Producto (proveedor_id, producto_id, precio_unitario, tiempo_entrega) VALUES (1, 28, 4.83, '');
INSERT INTO Proveedor_Producto (proveedor_id, producto_id, precio_unitario, tiempo_entrega) VALUES (1, 29, 6.45, '');
INSERT INTO Proveedor_Producto (proveedor_id, producto_id, precio_unitario, tiempo_entrega) VALUES (1, 30, 6.26, '');
INSERT INTO Proveedor_Producto (proveedor_id, producto_id, precio_unitario, tiempo_entrega) VALUES (1, 31, 1.28, '');
INSERT INTO Proveedor_Producto (proveedor_id, producto_id, precio_unitario, tiempo_entrega) VALUES (1, 32, 3.66, '');
INSERT INTO Proveedor_Producto (proveedor_id, producto_id, precio_unitario, tiempo_entrega) VALUES (1, 33, 16.24, '');
INSERT INTO Proveedor_Producto (proveedor_id, producto_id, precio_unitario, tiempo_entrega) VALUES (1, 34, 14.64, '');
INSERT INTO Proveedor_Producto (proveedor_id, producto_id, precio_unitario, tiempo_entrega) VALUES (1, 35, 12.87, '');
INSERT INTO Proveedor_Producto (proveedor_id, producto_id, precio_unitario, tiempo_entrega) VALUES (1, 36, 1.32, '');
INSERT INTO Proveedor_Producto (proveedor_id, producto_id, precio_unitario, tiempo_entrega) VALUES (1, 37, 1.77, '');
INSERT INTO Proveedor_Producto (proveedor_id, producto_id, precio_unitario, tiempo_entrega) VALUES (1, 38, 8.74, '');
INSERT INTO Proveedor_Producto (proveedor_id, producto_id, precio_unitario, tiempo_entrega) VALUES (1, 39, 12.48, '');
INSERT INTO Proveedor_Producto (proveedor_id, producto_id, precio_unitario, tiempo_entrega) VALUES (1, 40, 4.89, '');
INSERT INTO Proveedor_Producto (proveedor_id, producto_id, precio_unitario, tiempo_entrega) VALUES (1, 41, 0, '');
INSERT INTO Proveedor_Producto (proveedor_id, producto_id, precio_unitario, tiempo_entrega) VALUES (1, 42, 12.26, '');
INSERT INTO Proveedor_Producto (proveedor_id, producto_id, precio_unitario, tiempo_entrega) VALUES (1, 43, 2.47, '');
INSERT INTO Proveedor_Producto (proveedor_id, producto_id, precio_unitario, tiempo_entrega) VALUES (1, 44, 25.8, '');
INSERT INTO Proveedor_Producto (proveedor_id, producto_id, precio_unitario, tiempo_entrega) VALUES (1, 45, 0, '');
INSERT INTO Proveedor_Producto (proveedor_id, producto_id, precio_unitario, tiempo_entrega) VALUES (1, 46, 4.78, '');
INSERT INTO Proveedor_Producto (proveedor_id, producto_id, precio_unitario, tiempo_entrega) VALUES (1, 47, 2.9, '');
INSERT INTO Proveedor_Producto (proveedor_id, producto_id, precio_unitario, tiempo_entrega) VALUES (10, 55, 41.81, '');
INSERT INTO Proveedor_Producto (proveedor_id, producto_id, precio_unitario, tiempo_entrega) VALUES (10, 205, 32.89, '');
INSERT INTO Proveedor_Producto (proveedor_id, producto_id, precio_unitario, tiempo_entrega) VALUES (10, 206, 40, '');
INSERT INTO Proveedor_Producto (proveedor_id, producto_id, precio_unitario, tiempo_entrega) VALUES (10, 207, 21, '');
INSERT INTO Proveedor_Producto (proveedor_id, producto_id, precio_unitario, tiempo_entrega) VALUES (10, 208, 21, '');
INSERT INTO Proveedor_Producto (proveedor_id, producto_id, precio_unitario, tiempo_entrega) VALUES (10, 209, 0, '');
INSERT INTO Proveedor_Producto (proveedor_id, producto_id, precio_unitario, tiempo_entrega) VALUES (10, 210, 0, '');
INSERT INTO Proveedor_Producto (proveedor_id, producto_id, precio_unitario, tiempo_entrega) VALUES (10, 211, 0, '');
INSERT INTO Proveedor_Producto (proveedor_id, producto_id, precio_unitario, tiempo_entrega) VALUES (10, 212, 0, '');
INSERT INTO Proveedor_Producto (proveedor_id, producto_id, precio_unitario, tiempo_entrega) VALUES (10, 213, 0, '');
INSERT INTO Proveedor_Producto (proveedor_id, producto_id, precio_unitario, tiempo_entrega) VALUES (10, 214, 0, '');
INSERT INTO Proveedor_Producto (proveedor_id, producto_id, precio_unitario, tiempo_entrega) VALUES (10, 215, 0, '');
INSERT INTO Proveedor_Producto (proveedor_id, producto_id, precio_unitario, tiempo_entrega) VALUES (10, 216, 0, '');
INSERT INTO Proveedor_Producto (proveedor_id, producto_id, precio_unitario, tiempo_entrega) VALUES (10, 217, 0, '');
INSERT INTO Proveedor_Producto (proveedor_id, producto_id, precio_unitario, tiempo_entrega) VALUES (5, 153, 1.83, '');
INSERT INTO Proveedor_Producto (proveedor_id, producto_id, precio_unitario, tiempo_entrega) VALUES (5, 154, 6.45, '');
INSERT INTO Proveedor_Producto (proveedor_id, producto_id, precio_unitario, tiempo_entrega) VALUES (5, 155, 4.15, '');
INSERT INTO Proveedor_Producto (proveedor_id, producto_id, precio_unitario, tiempo_entrega) VALUES (5, 156, 5.28, '');
INSERT INTO Proveedor_Producto (proveedor_id, producto_id, precio_unitario, tiempo_entrega) VALUES (5, 157, 3.98, '');
INSERT INTO Proveedor_Producto (proveedor_id, producto_id, precio_unitario, tiempo_entrega) VALUES (5, 158, 1.37, '');
INSERT INTO Proveedor_Producto (proveedor_id, producto_id, precio_unitario, tiempo_entrega) VALUES (5, 159, 8.96, '');
INSERT INTO Proveedor_Producto (proveedor_id, producto_id, precio_unitario, tiempo_entrega) VALUES (5, 160, 5.36, '');
INSERT INTO Proveedor_Producto (proveedor_id, producto_id, precio_unitario, tiempo_entrega) VALUES (5, 161, 0, '');
INSERT INTO Proveedor_Producto (proveedor_id, producto_id, precio_unitario, tiempo_entrega) VALUES (5, 162, 0, '');
INSERT INTO Proveedor_Producto (proveedor_id, producto_id, precio_unitario, tiempo_entrega) VALUES (5, 163, 0.92, '');
INSERT INTO Proveedor_Producto (proveedor_id, producto_id, precio_unitario, tiempo_entrega) VALUES (5, 164, 0.72, '');
INSERT INTO Proveedor_Producto (proveedor_id, producto_id, precio_unitario, tiempo_entrega) VALUES (5, 165, 0.76, '');
INSERT INTO Proveedor_Producto (proveedor_id, producto_id, precio_unitario, tiempo_entrega) VALUES (5, 166, 9.6, '');
INSERT INTO Proveedor_Producto (proveedor_id, producto_id, precio_unitario, tiempo_entrega) VALUES (4, 150, 10.49, '');
INSERT INTO Proveedor_Producto (proveedor_id, producto_id, precio_unitario, tiempo_entrega) VALUES (4, 151, 1.5, '');
INSERT INTO Proveedor_Producto (proveedor_id, producto_id, precio_unitario, tiempo_entrega) VALUES (4, 152, 6.53, '');
INSERT INTO Proveedor_Producto (proveedor_id, producto_id, precio_unitario, tiempo_entrega) VALUES (9, 191, 0, '');
INSERT INTO Proveedor_Producto (proveedor_id, producto_id, precio_unitario, tiempo_entrega) VALUES (9, 192, 72, '');
INSERT INTO Proveedor_Producto (proveedor_id, producto_id, precio_unitario, tiempo_entrega) VALUES (9, 193, 90, '');
INSERT INTO Proveedor_Producto (proveedor_id, producto_id, precio_unitario, tiempo_entrega) VALUES (9, 194, 19.92, '');
INSERT INTO Proveedor_Producto (proveedor_id, producto_id, precio_unitario, tiempo_entrega) VALUES (9, 195, 37.92, '');
INSERT INTO Proveedor_Producto (proveedor_id, producto_id, precio_unitario, tiempo_entrega) VALUES (9, 196, 49.47, '');
INSERT INTO Proveedor_Producto (proveedor_id, producto_id, precio_unitario, tiempo_entrega) VALUES (9, 197, 8, '');
INSERT INTO Proveedor_Producto (proveedor_id, producto_id, precio_unitario, tiempo_entrega) VALUES (9, 198, 13.5, '');
INSERT INTO Proveedor_Producto (proveedor_id, producto_id, precio_unitario, tiempo_entrega) VALUES (9, 199, 6.55, '');
INSERT INTO Proveedor_Producto (proveedor_id, producto_id, precio_unitario, tiempo_entrega) VALUES (9, 200, 5.32, '');
INSERT INTO Proveedor_Producto (proveedor_id, producto_id, precio_unitario, tiempo_entrega) VALUES (9, 201, 3.14, '');
INSERT INTO Proveedor_Producto (proveedor_id, producto_id, precio_unitario, tiempo_entrega) VALUES (9, 202, 7.84, '');
INSERT INTO Proveedor_Producto (proveedor_id, producto_id, precio_unitario, tiempo_entrega) VALUES (9, 203, 5.38, '');
INSERT INTO Proveedor_Producto (proveedor_id, producto_id, precio_unitario, tiempo_entrega) VALUES (9, 204, 4, '');
INSERT INTO Proveedor_Producto (proveedor_id, producto_id, precio_unitario, tiempo_entrega) VALUES (8, 184, 1.98, '');
INSERT INTO Proveedor_Producto (proveedor_id, producto_id, precio_unitario, tiempo_entrega) VALUES (8, 185, 6, '');
INSERT INTO Proveedor_Producto (proveedor_id, producto_id, precio_unitario, tiempo_entrega) VALUES (8, 186, 5.9, '');
INSERT INTO Proveedor_Producto (proveedor_id, producto_id, precio_unitario, tiempo_entrega) VALUES (8, 187, 10.3, '');
INSERT INTO Proveedor_Producto (proveedor_id, producto_id, precio_unitario, tiempo_entrega) VALUES (8, 46, 8.4, '');
INSERT INTO Proveedor_Producto (proveedor_id, producto_id, precio_unitario, tiempo_entrega) VALUES (8, 188, 4.38, '');
INSERT INTO Proveedor_Producto (proveedor_id, producto_id, precio_unitario, tiempo_entrega) VALUES (8, 26, 4.9, '');
INSERT INTO Proveedor_Producto (proveedor_id, producto_id, precio_unitario, tiempo_entrega) VALUES (8, 25, 4.3, '');
INSERT INTO Proveedor_Producto (proveedor_id, producto_id, precio_unitario, tiempo_entrega) VALUES (8, 190, 1.69, '');
INSERT INTO Proveedor_Producto (proveedor_id, producto_id, precio_unitario, tiempo_entrega) VALUES (8, 189, 2.25, '');
INSERT INTO Proveedor_Producto (proveedor_id, producto_id, precio_unitario, tiempo_entrega) VALUES (7, 174, 9.6, '');
INSERT INTO Proveedor_Producto (proveedor_id, producto_id, precio_unitario, tiempo_entrega) VALUES (7, 175, 2.72, '');
INSERT INTO Proveedor_Producto (proveedor_id, producto_id, precio_unitario, tiempo_entrega) VALUES (7, 176, 10.35, '');
INSERT INTO Proveedor_Producto (proveedor_id, producto_id, precio_unitario, tiempo_entrega) VALUES (7, 177, 9.95, '');
INSERT INTO Proveedor_Producto (proveedor_id, producto_id, precio_unitario, tiempo_entrega) VALUES (7, 178, 3.03, '');
INSERT INTO Proveedor_Producto (proveedor_id, producto_id, precio_unitario, tiempo_entrega) VALUES (7, 179, 8.95, '');
INSERT INTO Proveedor_Producto (proveedor_id, producto_id, precio_unitario, tiempo_entrega) VALUES (7, 180, 1.74, '');
INSERT INTO Proveedor_Producto (proveedor_id, producto_id, precio_unitario, tiempo_entrega) VALUES (7, 181, 7.57, '');
INSERT INTO Proveedor_Producto (proveedor_id, producto_id, precio_unitario, tiempo_entrega) VALUES (7, 182, 0, '');
INSERT INTO Proveedor_Producto (proveedor_id, producto_id, precio_unitario, tiempo_entrega) VALUES (7, 183, 3.62, '');
INSERT INTO Proveedor_Producto (proveedor_id, producto_id, precio_unitario, tiempo_entrega) VALUES (2, 119, 1.17, '');
INSERT INTO Proveedor_Producto (proveedor_id, producto_id, precio_unitario, tiempo_entrega) VALUES (2, 120, 1.17, '');
INSERT INTO Proveedor_Producto (proveedor_id, producto_id, precio_unitario, tiempo_entrega) VALUES (2, 121, 0.35, '');
INSERT INTO Proveedor_Producto (proveedor_id, producto_id, precio_unitario, tiempo_entrega) VALUES (2, 122, 1.53, '');
INSERT INTO Proveedor_Producto (proveedor_id, producto_id, precio_unitario, tiempo_entrega) VALUES (2, 123, 11.3, '');
INSERT INTO Proveedor_Producto (proveedor_id, producto_id, precio_unitario, tiempo_entrega) VALUES (2, 124, 6.31, '');
INSERT INTO Proveedor_Producto (proveedor_id, producto_id, precio_unitario, tiempo_entrega) VALUES (2, 125, 12.8, '');
INSERT INTO Proveedor_Producto (proveedor_id, producto_id, precio_unitario, tiempo_entrega) VALUES (2, 126, 1.52, '');
INSERT INTO Proveedor_Producto (proveedor_id, producto_id, precio_unitario, tiempo_entrega) VALUES (2, 127, 0.44, '');
INSERT INTO Proveedor_Producto (proveedor_id, producto_id, precio_unitario, tiempo_entrega) VALUES (2, 128, 6.28, '');
INSERT INTO Proveedor_Producto (proveedor_id, producto_id, precio_unitario, tiempo_entrega) VALUES (2, 129, 6.37, '');
INSERT INTO Proveedor_Producto (proveedor_id, producto_id, precio_unitario, tiempo_entrega) VALUES (2, 130, 5.31, '');
INSERT INTO Proveedor_Producto (proveedor_id, producto_id, precio_unitario, tiempo_entrega) VALUES (2, 131, 1.13, '');
INSERT INTO Proveedor_Producto (proveedor_id, producto_id, precio_unitario, tiempo_entrega) VALUES (2, 132, 1.57, '');
INSERT INTO Proveedor_Producto (proveedor_id, producto_id, precio_unitario, tiempo_entrega) VALUES (2, 133, 1.66, '');
INSERT INTO Proveedor_Producto (proveedor_id, producto_id, precio_unitario, tiempo_entrega) VALUES (2, 134, 0, '');
INSERT INTO Proveedor_Producto (proveedor_id, producto_id, precio_unitario, tiempo_entrega) VALUES (2, 135, 0, '');
INSERT INTO Proveedor_Producto (proveedor_id, producto_id, precio_unitario, tiempo_entrega) VALUES (2, 136, 8.54, '');
INSERT INTO Proveedor_Producto (proveedor_id, producto_id, precio_unitario, tiempo_entrega) VALUES (2, 137, 0, '');
INSERT INTO Proveedor_Producto (proveedor_id, producto_id, precio_unitario, tiempo_entrega) VALUES (2, 138, 0, '');
INSERT INTO Proveedor_Producto (proveedor_id, producto_id, precio_unitario, tiempo_entrega) VALUES (2, 139, 0, '');
INSERT INTO Proveedor_Producto (proveedor_id, producto_id, precio_unitario, tiempo_entrega) VALUES (2, 140, 0, '');
INSERT INTO Proveedor_Producto (proveedor_id, producto_id, precio_unitario, tiempo_entrega) VALUES (2, 141, 0, '');
INSERT INTO Proveedor_Producto (proveedor_id, producto_id, precio_unitario, tiempo_entrega) VALUES (2, 142, 0, '');
INSERT INTO Proveedor_Producto (proveedor_id, producto_id, precio_unitario, tiempo_entrega) VALUES (2, 143, 0, '');
INSERT INTO Proveedor_Producto (proveedor_id, producto_id, precio_unitario, tiempo_entrega) VALUES (2, 144, 4.41, '');
INSERT INTO Proveedor_Producto (proveedor_id, producto_id, precio_unitario, tiempo_entrega) VALUES (2, 145, 6.25, '');
INSERT INTO Proveedor_Producto (proveedor_id, producto_id, precio_unitario, tiempo_entrega) VALUES (2, 146, 3.38, '');
INSERT INTO Proveedor_Producto (proveedor_id, producto_id, precio_unitario, tiempo_entrega) VALUES (2, 147, 9.96, '');
INSERT INTO Proveedor_Producto (proveedor_id, producto_id, precio_unitario, tiempo_entrega) VALUES (2, 148, 12.92, '');
INSERT INTO Proveedor_Producto (proveedor_id, producto_id, precio_unitario, tiempo_entrega) VALUES (2, 149, 10.89, '');
INSERT INTO Proveedor_Producto (proveedor_id, producto_id, precio_unitario, tiempo_entrega) VALUES (11, 218, 7.68, '');
INSERT INTO Proveedor_Producto (proveedor_id, producto_id, precio_unitario, tiempo_entrega) VALUES (11, 219, 11.96, '');
INSERT INTO Proveedor_Producto (proveedor_id, producto_id, precio_unitario, tiempo_entrega) VALUES (11, 220, 0, '');
INSERT INTO Proveedor_Producto (proveedor_id, producto_id, precio_unitario, tiempo_entrega) VALUES (11, 221, 0, '');
INSERT INTO Proveedor_Producto (proveedor_id, producto_id, precio_unitario, tiempo_entrega) VALUES (11, 222, 7.99, '');
INSERT INTO Proveedor_Producto (proveedor_id, producto_id, precio_unitario, tiempo_entrega) VALUES (11, 223, 0, '');
INSERT INTO Proveedor_Producto (proveedor_id, producto_id, precio_unitario, tiempo_entrega) VALUES (11, 224, 1.49, '');
INSERT INTO Proveedor_Producto (proveedor_id, producto_id, precio_unitario, tiempo_entrega) VALUES (11, 225, 3.17, '');
INSERT INTO Proveedor_Producto (proveedor_id, producto_id, precio_unitario, tiempo_entrega) VALUES (11, 226, 0, '');
INSERT INTO Proveedor_Producto (proveedor_id, producto_id, precio_unitario, tiempo_entrega) VALUES (11, 227, 14.5, '');
INSERT INTO Proveedor_Producto (proveedor_id, producto_id, precio_unitario, tiempo_entrega) VALUES (11, 228, 0, '');
INSERT INTO Proveedor_Producto (proveedor_id, producto_id, precio_unitario, tiempo_entrega) VALUES (11, 229, 0, '');
INSERT INTO Proveedor_Producto (proveedor_id, producto_id, precio_unitario, tiempo_entrega) VALUES (11, 230, 81.4, '');
INSERT INTO Proveedor_Producto (proveedor_id, producto_id, precio_unitario, tiempo_entrega) VALUES (11, 231, 77.54, '');
INSERT INTO Proveedor_Producto (proveedor_id, producto_id, precio_unitario, tiempo_entrega) VALUES (11, 232, 10.67, '');
INSERT INTO Proveedor_Producto (proveedor_id, producto_id, precio_unitario, tiempo_entrega) VALUES (11, 204, 4, '');
INSERT INTO Proveedor_Producto (proveedor_id, producto_id, precio_unitario, tiempo_entrega) VALUES (11, 234, 0, '');
INSERT INTO Proveedor_Producto (proveedor_id, producto_id, precio_unitario, tiempo_entrega) VALUES (11, 235, 0, '');
INSERT INTO Proveedor_Producto (proveedor_id, producto_id, precio_unitario, tiempo_entrega) VALUES (11, 271, 68, '');
INSERT INTO Proveedor_Producto (proveedor_id, producto_id, precio_unitario, tiempo_entrega) VALUES (11, 236, 26.42, '');
INSERT INTO Proveedor_Producto (proveedor_id, producto_id, precio_unitario, tiempo_entrega) VALUES (12, 237, 8.86, '');
INSERT INTO Proveedor_Producto (proveedor_id, producto_id, precio_unitario, tiempo_entrega) VALUES (12, 238, 8.86, '');
INSERT INTO Proveedor_Producto (proveedor_id, producto_id, precio_unitario, tiempo_entrega) VALUES (12, 239, 11.23, '');
INSERT INTO Proveedor_Producto (proveedor_id, producto_id, precio_unitario, tiempo_entrega) VALUES (12, 240, 8.86, '');
INSERT INTO Proveedor_Producto (proveedor_id, producto_id, precio_unitario, tiempo_entrega) VALUES (12, 241, 8.86, '');
INSERT INTO Proveedor_Producto (proveedor_id, producto_id, precio_unitario, tiempo_entrega) VALUES (12, 242, 9.68, '');
INSERT INTO Proveedor_Producto (proveedor_id, producto_id, precio_unitario, tiempo_entrega) VALUES (12, 243, 0, '');
INSERT INTO Proveedor_Producto (proveedor_id, producto_id, precio_unitario, tiempo_entrega) VALUES (13, 244, 1.75, '');
INSERT INTO Proveedor_Producto (proveedor_id, producto_id, precio_unitario, tiempo_entrega) VALUES (13, 245, 1.75, '');
INSERT INTO Proveedor_Producto (proveedor_id, producto_id, precio_unitario, tiempo_entrega) VALUES (13, 246, 1.76, '');
INSERT INTO Proveedor_Producto (proveedor_id, producto_id, precio_unitario, tiempo_entrega) VALUES (13, 247, 2.69, '');
INSERT INTO Proveedor_Producto (proveedor_id, producto_id, precio_unitario, tiempo_entrega) VALUES (13, 248, 5.25, '');
INSERT INTO Proveedor_Producto (proveedor_id, producto_id, precio_unitario, tiempo_entrega) VALUES (13, 249, 1.95, '');
INSERT INTO Proveedor_Producto (proveedor_id, producto_id, precio_unitario, tiempo_entrega) VALUES (13, 250, 0.65, '');
INSERT INTO Proveedor_Producto (proveedor_id, producto_id, precio_unitario, tiempo_entrega) VALUES (13, 251, 2.25, '');
INSERT INTO Proveedor_Producto (proveedor_id, producto_id, precio_unitario, tiempo_entrega) VALUES (13, 252, 3.7, '');
INSERT INTO Proveedor_Producto (proveedor_id, producto_id, precio_unitario, tiempo_entrega) VALUES (13, 253, 1.45, '');
INSERT INTO Proveedor_Producto (proveedor_id, producto_id, precio_unitario, tiempo_entrega) VALUES (13, 254, 15, '');
INSERT INTO Proveedor_Producto (proveedor_id, producto_id, precio_unitario, tiempo_entrega) VALUES (13, 255, 2.15, '');
INSERT INTO Proveedor_Producto (proveedor_id, producto_id, precio_unitario, tiempo_entrega) VALUES (13, 256, 9.25, '');
INSERT INTO Proveedor_Producto (proveedor_id, producto_id, precio_unitario, tiempo_entrega) VALUES (13, 257, 1.89, '');
INSERT INTO Proveedor_Producto (proveedor_id, producto_id, precio_unitario, tiempo_entrega) VALUES (13, 258, 1.35, '');
INSERT INTO Proveedor_Producto (proveedor_id, producto_id, precio_unitario, tiempo_entrega) VALUES (13, 259, 1.9, '');
INSERT INTO Proveedor_Producto (proveedor_id, producto_id, precio_unitario, tiempo_entrega) VALUES (13, 71, 2.15, '');
INSERT INTO Proveedor_Producto (proveedor_id, producto_id, precio_unitario, tiempo_entrega) VALUES (13, 260, 0.6, '');
INSERT INTO Proveedor_Producto (proveedor_id, producto_id, precio_unitario, tiempo_entrega) VALUES (13, 261, 2.55, '');
INSERT INTO Proveedor_Producto (proveedor_id, producto_id, precio_unitario, tiempo_entrega) VALUES (13, 262, 1.49, '');
INSERT INTO Proveedor_Producto (proveedor_id, producto_id, precio_unitario, tiempo_entrega) VALUES (13, 263, 10.95, '');
INSERT INTO Proveedor_Producto (proveedor_id, producto_id, precio_unitario, tiempo_entrega) VALUES (13, 264, 1.65, '');
INSERT INTO Proveedor_Producto (proveedor_id, producto_id, precio_unitario, tiempo_entrega) VALUES (13, 265, 1.05, '');

-- Datos para Pedido
INSERT INTO Pedido (id, numero_pedido, fecha, proveedor_id, estado, total) VALUES (3, 'PED-1000009', '2025-08-20', 6, 'pendiente', 37.519999999999996);
INSERT INTO Pedido (id, numero_pedido, fecha, proveedor_id, estado, total) VALUES (4, 'PED-1000019', '2025-08-20', 3, 'pendiente', 29.39);

-- Datos para Pedido_Renglon
INSERT INTO Pedido_Renglon (id, pedido_id, producto_id, cantidad, precio_unitario, subtotal) VALUES (4, 3, 168, 1, 14.48, 14.48);
INSERT INTO Pedido_Renglon (id, pedido_id, producto_id, cantidad, precio_unitario, subtotal) VALUES (5, 3, 171, 3, 7.68, 23.04);
INSERT INTO Pedido_Renglon (id, pedido_id, producto_id, cantidad, precio_unitario, subtotal) VALUES (6, 4, 14, 1, 11.89, 11.89);
INSERT INTO Pedido_Renglon (id, pedido_id, producto_id, cantidad, precio_unitario, subtotal) VALUES (7, 4, 17, 1, 17.5, 17.5);

-- Datos para HistorialEnvios
INSERT INTO HistorialEnvios (id, pedido_id, metodo_envio, fecha_envio, destinatario) VALUES (1, 3, 'qr', '2025-08-20 19:13:50', 'Generado para compartir');
INSERT INTO HistorialEnvios (id, pedido_id, metodo_envio, fecha_envio, destinatario) VALUES (2, 3, 'wsp', '2025-08-20 19:16:59', 'Generado para enviar');
INSERT INTO HistorialEnvios (id, pedido_id, metodo_envio, fecha_envio, destinatario) VALUES (3, 3, 'qr', '2025-08-20 19:18:44', 'Generado para compartir');
INSERT INTO HistorialEnvios (id, pedido_id, metodo_envio, fecha_envio, destinatario) VALUES (4, 3, 'qr', '2025-08-20 19:22:34', 'Generado para compartir');
INSERT INTO HistorialEnvios (id, pedido_id, metodo_envio, fecha_envio, destinatario) VALUES (5, 3, 'qr', '2025-08-20 19:32:47', 'Generado para compartir');

-- Datos para NrosPedidos
INSERT INTO NrosPedidos (id, fecha_generacion, estado, nro_pedido) VALUES (1, '2025-07-29 19:42:42', 'ok', 1000001);
INSERT INTO NrosPedidos (id, fecha_generacion, estado, nro_pedido) VALUES (2, '2025-07-29 20:47:41', 'ok', 1000002);
INSERT INTO NrosPedidos (id, fecha_generacion, estado, nro_pedido) VALUES (3, '2025-07-29 20:48:00', 'ok', 1000003);
INSERT INTO NrosPedidos (id, fecha_generacion, estado, nro_pedido) VALUES (4, '2025-07-29 20:54:06', 'ok', 1000004);
INSERT INTO NrosPedidos (id, fecha_generacion, estado, nro_pedido) VALUES (5, '2025-07-29 21:00:12', 'ok', 1000005);
INSERT INTO NrosPedidos (id, fecha_generacion, estado, nro_pedido) VALUES (6, '2025-07-31 18:31:18', 'ok', 1000006);
INSERT INTO NrosPedidos (id, fecha_generacion, estado, nro_pedido) VALUES (7, '2025-08-05 15:07:17', 'ok', 1000007);
INSERT INTO NrosPedidos (id, fecha_generacion, estado, nro_pedido) VALUES (8, '2025-08-20 19:12:29', 'ok', 1000008);
INSERT INTO NrosPedidos (id, fecha_generacion, estado, nro_pedido) VALUES (9, '2025-08-20 19:13:02', 'ok', 1000009);
INSERT INTO NrosPedidos (id, fecha_generacion, estado, nro_pedido) VALUES (10, '2025-08-20 21:00:14', 'ok', 1000010);
INSERT INTO NrosPedidos (id, fecha_generacion, estado, nro_pedido) VALUES (11, '2025-08-20 21:06:44', 'ok', 1000011);
INSERT INTO NrosPedidos (id, fecha_generacion, estado, nro_pedido) VALUES (12, '2025-08-20 21:07:30', 'ok', 1000012);
INSERT INTO NrosPedidos (id, fecha_generacion, estado, nro_pedido) VALUES (13, '2025-08-20 21:07:44', 'ok', 1000013);
INSERT INTO NrosPedidos (id, fecha_generacion, estado, nro_pedido) VALUES (14, '2025-08-20 21:10:02', 'ok', 1000014);
INSERT INTO NrosPedidos (id, fecha_generacion, estado, nro_pedido) VALUES (15, '2025-08-20 21:10:43', 'ok', 1000015);
INSERT INTO NrosPedidos (id, fecha_generacion, estado, nro_pedido) VALUES (16, '2025-08-20 21:10:44', 'ok', 1000016);
INSERT INTO NrosPedidos (id, fecha_generacion, estado, nro_pedido) VALUES (17, '2025-08-20 21:10:59', 'ok', 1000017);
INSERT INTO NrosPedidos (id, fecha_generacion, estado, nro_pedido) VALUES (18, '2025-08-20 21:11:26', 'ok', 1000018);
INSERT INTO NrosPedidos (id, fecha_generacion, estado, nro_pedido) VALUES (19, '2025-08-20 21:11:34', 'ok', 1000019);
INSERT INTO NrosPedidos (id, fecha_generacion, estado, nro_pedido) VALUES (20, '2025-08-20 21:15:24', 'ok', 1000020);
INSERT INTO NrosPedidos (id, fecha_generacion, estado, nro_pedido) VALUES (21, '2025-08-20 21:15:48', 'ok', 1000021);
INSERT INTO NrosPedidos (id, fecha_generacion, estado, nro_pedido) VALUES (22, '2025-08-20 21:15:56', 'ok', 1000022);
INSERT INTO NrosPedidos (id, fecha_generacion, estado, nro_pedido) VALUES (23, '2025-08-20 21:16:32', 'ok', 1000023);
INSERT INTO NrosPedidos (id, fecha_generacion, estado, nro_pedido) VALUES (24, '2025-08-20 21:16:35', 'ok', 1000024);
INSERT INTO NrosPedidos (id, fecha_generacion, estado, nro_pedido) VALUES (25, '2025-08-20 21:17:21', 'ok', 1000025);
INSERT INTO NrosPedidos (id, fecha_generacion, estado, nro_pedido) VALUES (26, '2025-08-20 21:17:37', 'ok', 1000026);
INSERT INTO NrosPedidos (id, fecha_generacion, estado, nro_pedido) VALUES (27, '2025-08-20 21:18:27', 'ok', 1000027);
INSERT INTO NrosPedidos (id, fecha_generacion, estado, nro_pedido) VALUES (28, '2025-08-20 21:18:41', 'ok', 1000028);
INSERT INTO NrosPedidos (id, fecha_generacion, estado, nro_pedido) VALUES (29, '2025-08-20 21:18:54', 'ok', 1000029);
INSERT INTO NrosPedidos (id, fecha_generacion, estado, nro_pedido) VALUES (30, '2025-08-20 21:19:14', 'ok', 1000030);
INSERT INTO NrosPedidos (id, fecha_generacion, estado, nro_pedido) VALUES (31, '2025-08-20 21:21:05', 'ok', 1000031);
INSERT INTO NrosPedidos (id, fecha_generacion, estado, nro_pedido) VALUES (32, '2025-08-20 21:21:16', 'ok', 1000032);
INSERT INTO NrosPedidos (id, fecha_generacion, estado, nro_pedido) VALUES (33, '2025-08-20 21:22:16', 'ok', 1000033);
INSERT INTO NrosPedidos (id, fecha_generacion, estado, nro_pedido) VALUES (34, '2025-08-20 21:22:20', 'ok', 1000034);
INSERT INTO NrosPedidos (id, fecha_generacion, estado, nro_pedido) VALUES (35, '2025-08-21 18:00:50', 'ok', 1000035);
INSERT INTO NrosPedidos (id, fecha_generacion, estado, nro_pedido) VALUES (36, '2025-08-21 18:01:02', 'ok', 1000036);

